name,family,status,previous_name,workflows,v1_or_v2,intervention_level,scope,card_kinds,granularity,split_reason,catastrophic,description,args
review,umbrella,existing-keep,,A;B,v1,,document,,,,false,"Walk the unified AI-request inbox; dispatch each Task to its specialist skill as a subagent.",<docPath>
create-footnote,creation,renamed,draft-footnote,A;B,v1,,paragraph,FootnoteRef,split,LaTeX Atom handling + cite-system detection,false,"Draft a footnote body, insert \footnote{} Atom at anchor, write FootnoteRef card.","<docPath> <requestId>"
create-citation,creation,renamed,find-citation,A;B,v1,,paragraph,CitationRef,split,External source search + bib entry creation,false,"Search Crossref/OpenAlex/etc.; add to references.bib; create CitationRef card.","<docPath> <requestId>"
create-quotation,creation,renamed,draft-quotation,A;B,v1,,paragraph,QuotationGroup,split,Quote extraction + fair-use constraints,false,Assemble a QuotationGroup nesting references + quotes + anchor links.,"<docPath> <requestId>"
create-card,creation,proposed,,A;B,v1,,paragraph,Note;Todo;Example;Annotation,parameterized,Same commandments; only body shape differs by kind,false,Create a new card of the specified kind at the given anchor.,"<docPath> <requestId> --kind=<note|todo|example|annotation>"
create-revision-suggestion,creation,renamed,draft-suggestion,A;B,v1,,paragraph,RevisionSuggestionCard,split,"Carries 'Virgil as author' UI mark; behavioral fork",false,Propose a revision to a paragraph. Always emits with author='virgil'.,"<docPath> <requestId>"
create-cut-suggestion,creation,proposed,,A;B,v1,,paragraph,CutterSuggestionCard,split,Carries 'Virgil as author' UI mark,false,Propose a cut or rewrite of an existing excerpt in Cutter panel.,"<docPath> <requestId>"
edit-card,card-ops,proposed,,A;B,v1,,card-specific,any,parameterized,Same commandments across kinds,false,Modify an existing card's body or fields.,"<docPath> <cardId> [--body <new-body> | --field <key>=<value>]"
archive-card,card-ops,proposed,,A;B,v1,,card-specific,any,parameterized,Mobility affordance is uniform across ontology,false,Move a card to the archive panel.,"<docPath> <cardId>"
restore-card,card-ops,proposed,,A;B,v1,,card-specific,any,parameterized,,false,Restore a card from the archive to its prior panel.,"<docPath> <cardId>"
move-card,card-ops,proposed,,A;B,v1,,card-specific,any,parameterized,,false,Re-anchor a card to a different paragraph or atom.,"<docPath> <cardId> <newAnchor>"
link-cards,card-ops,proposed,,A;B,v1,,card-specific,any,parameterized,,false,Create a relationship link between two cards.,"<docPath> <cardAId> <cardBId> [--kind=<rel>]"
answer-note-request,responder,existing-keep,,A,v1,,card-specific,Note,,,false,Answer a flagged note. Sibling note OR revision-suggestion if doc edit.,"<docPath> <requestId>"
answer-todo-request,responder,existing-keep,,A,v1,,card-specific,Todo,,,false,"Classify flagged todo as text-edit, missing-artifact, analysis, or limit.","<docPath> <requestId>"
answer-cutter-comment,responder,existing-keep,,A,v1,,card-specific,CutterComment,,,false,Respond to a flagged Cutter comment by drafting a CutterSuggestionCard.,"<docPath> <requestId>"
answer-revision-comment,responder,existing-keep,,A,v1,,card-specific,RevisionComment,,,false,Respond to a flagged Revisions comment. Sibling OR suggestion if doc edit.,"<docPath> <requestId>"
answer-bib-review,bibliography,existing-keep,,A;B,v1,,bib-entry,BibEntry;Annotation,,,false,"Three-mode: verify/fill fields, draft annotation, or swap library entry.","<docPath> <bibKey> [--library-sync <citekey>]"
sync-bib-to-library,bibliography,existing-keep,,A;B,v1,,document,BibEntry,,,true,Reconcile paper bibliography against library: swap matched / triage missing / flag ambiguous.,"<docPath> [--dry-run] [--library <path>]"
style-merge,style,existing-keep,,A;B,v1,,document,,,,true,Merge user preamble customizations onto a target style. Rewrites .tex; body untouched.,<docPath>
research-paragraph,research,proposed,,A;B,v1,,paragraph,,,,false,Walk the paragraph's anchored citations; check assertions vs cited sources.,"<docPath> <paragraphId>"
find-source,research,proposed,,A;B,v1,,claim,,,,false,Search library for papers supporting or contradicting a stated claim.,"<docPath> ""<claim>"""
extract-quote,research,proposed,,A;B,v1,,library-paper,,,,false,Pull quotable passages from a named library paper on a given topic.,"<docPath> <citekey> ""<topic>"""
summarize-source,research,proposed,,A;B,v1,,library-paper,Annotation,,,false,Surface library annotation for a cited source or generate one from the text.,"<docPath> <bibkey>"
check-citation-fit,research,proposed,,A;B,v1,,paragraph,,,,false,Per anchored citation: does the source support the claim it's anchored to?,"<docPath> <paragraphId>"
related-from-library,research,proposed,,A;B,v1,,paragraph,,,,false,Suggest related library papers not yet cited in the paragraph.,"<docPath> <paragraphId>"
triangulate,research,proposed,,A;B,v1,,claim,,,,false,"For a claim, find library papers that agree, disagree, or qualify.","<docPath> ""<claim>"""
preflight,prep,proposed,,B,v1,,external-file,,,,false,Non-destructive scan of an external .tex file. Reports constructs needing conversion.,<texPath>
prep-file,prep,proposed,,B,v1,,external-file,,,,true,"Umbrella: runs preflight + dispatches converters. Produces Virgil-compatible folder.","<texPath> [--target <newDocPath>] [--style <id>]"
convert-examples,prep,proposed,,B,v1,,document,,,,false,Convert gb4e/linguex/\enumsentence to expex. Shared with library di-examples.,"<docPath> [--from gb4e|linguex|enumsentence|auto]"
expand-macros,prep,proposed,,B,v1,,document,,,,false,Inline-expand unsafe \newcommand definitions; preserve safe ones.,<docPath>
migrate-preamble,prep,proposed,,B,v1,,document,,,,true,Move externally-authored preamble onto a Virgil style.,"<docPath> [--target-style <id>]"
migrate-bib,prep,proposed,,B,v1,,document,,,,true,Handle natbib ↔ biblatex / \bibliography{} ↔ \printbibliography / bibstyle swaps.,<docPath>
quarantine-tikz,prep,proposed,,B,v1,,document,,,,false,Move inline TikZ/pgfplots to external files via \input{}.,<docPath>
revise-dictation,revision,proposed,,A;B,v1,surface,paragraph,,split,,false,"Fix dictation errors, complete sentence boundaries, resolve homophones.","<docPath> <requestId>"
revise-typos,revision,proposed,,A;B,v1,surface,paragraph,,split,,false,Typos + punctuation + capitalization only.,"<docPath> <requestId>"
revise-incomplete,revision,proposed,,A;B,v1,surface,paragraph,,split,,false,Find unfinished sentences; complete or flag.,"<docPath> <requestId>"
revise-cut-hedges,revision,proposed,,A;B,v1,mid,paragraph,,split,Distinct preservation rule: epistemic-load hedges stay,false,"Remove 'perhaps,' 'arguably,' etc. unless doing real epistemic work.","<docPath> <requestId>"
revise-cut-throat-clearing,revision,proposed,,A;B,v1,mid,paragraph,,split,AI-tell signature; specific blacklist,false,"Strip 'Importantly,' 'In this paper I will argue,' etc.","<docPath> <requestId>"
revise-cut-redundancy,revision,proposed,,A;B,v1,mid,paragraph,,split,,false,Same point made twice → kept once.,"<docPath> <requestId>"
revise-compress,revision,proposed,,A;B,v1,mid,paragraph,,split,Measurable target (word count / %),false,Compress to target word count or %.,"<docPath> <requestId> --target=<count|%>"
revise-cut-filler,revision,proposed,,A;B,v1,mid,paragraph,,split,,false,Adverbs that don't earn it ('very'/'really'/'actually').,"<docPath> <requestId>"
revise-flow,revision,proposed,,A;B,v1,structural,section,,split,,false,Reorder sentences/paragraphs for argument flow. Sentence content unchanged.,"<docPath> <requestId>"
revise-paragraphs,revision,proposed,,A;B,v1,structural,section,,split,,false,Split overlong; merge fragmented. Sentence content unchanged.,"<docPath> <requestId>"
revise-transitions,revision,proposed,,A;B,v1,structural,section,,split,,false,Add/strengthen transitions only.,"<docPath> <requestId>"
revise-topic-sentences,revision,proposed,,A;B,v1,structural,paragraph,,split,,false,Extract or compose topic sentences.,"<docPath> <requestId>"
revise-make-explicit,revision,proposed,,A;B,v1,clarity,paragraph,,split,,false,"Flag and make explicit unstated premises, jumps, assumptions.","<docPath> <requestId>"
revise-clarify-claims,revision,proposed,,A;B,v1,clarity,paragraph,,split,,false,Find vague claims; tighten or flag for citation.,"<docPath> <requestId>"
revise-disambiguate,revision,proposed,,A;B,v1,clarity,paragraph,,split,,false,Find pronouns + references that risk reader confusion.,"<docPath> <requestId>"
revise-strengthen-weak-points,revision,proposed,,A;B,v1,clarity,section,,split,,false,Find load-bearing argument moves; surface where under-supported.,"<docPath> <requestId>"
revise-voice-match,revision,proposed,,A;B,v1,voice,paragraph,,split,,false,Match surrounding text's voice.,"<docPath> <requestId>"
revise-register,revision,proposed,,A;B,v1,voice,section,,split,,false,Formal ↔ conversational on user request.,"<docPath> <requestId>"
revise-de-AI,revision,proposed,,A;B,v1,voice,paragraph,,split,,false,Remove AI tells if external/Virgil AI content slipped in.,"<docPath> <requestId>"
revise-from-notes,revision,proposed,,A;B,v1,generative,paragraph,,split,,false,Notes → prose; more aggressive than revise-dictation.,"<docPath> <requestId>"
revise-expand,revision,proposed,,A;B,v1,generative,paragraph,,split,,false,Thin paragraph → full. User flags direction.,"<docPath> <requestId>"
revise-add-example,revision,proposed,,A;B,v1,generative,paragraph,,split,,false,Find abstract claims; propose concrete examples.,"<docPath> <requestId>"
revise-add-counter,revision,proposed,,A;B,v1,generative,paragraph,,split,,false,Propose a counter-consideration the argument should address.,"<docPath> <requestId>"
revise-free,revision,proposed,,A;B,v1,free,paragraph,,split,,false,"Any intervention as needed. First move: propose what it would do, ask for confirmation.","<docPath> <requestId>"
revise-to-thesis,revision,proposed,,A;B,v1,reduction,section,,split,,false,Extract a one-sentence thesis.,"<docPath> <requestId>"
revise-to-bullets,revision,proposed,,A;B,v1,reduction,section,,split,,false,Prose → bullets for outline/reorg.,"<docPath> <requestId>"
revise-to-summary,revision,proposed,,A;B,v1,reduction,document,,split,,false,Target word count summary.,"<docPath> <requestId>"
revise-compare,revision,proposed,,A;B,v1,meta,paragraph,,split,,false,Propose 2-3 alternative revisions side-by-side.,"<docPath> <requestId>"
revise-explain,revision,proposed,,A;B,v1,meta,card-specific,,split,,false,"For an existing revision, articulate why each change was made.","<docPath> <cardId>"
revise-with-feedback,revision,deferred-v2,,A;B,v2,meta,paragraph,,split,Requires user-dream consumer (deferred),false,User rejects with reason; feedback feeds user-dream rejection corpus.,"<docPath> <cardId>"
iterate-virgil-editor,dev-meta,existing-keep,,dev-only,v1,,skill-set,,,,false,Stress-test editor skill set in sandboxed sample paper.,"[<skill-name>] [<max-attempts>]"
dream,dev-meta,proposed,,dev-only,v1,,skill-set,,,,false,"Overnight autonomous pass. Reads DEV-mode memos; refactors/edits skills, scripts, manifest.",[--fast-path <memo-id>]
